picUrl,priceRange1,productId,minQuantity,name,subCategoryType,category,date,quantity,priceRange2,price,warrentyType,description,priceRange3,company,priceRange4,subCategory,discount,priceRange5
https://firebasestorage.googleapis.com/v0/b/etech-1234.appspot.com/o/LIGHT%20ITEMS%20%2FTUBE%20LIGHT%2FTUBE%20LIGHT%20FAME%2F4Ft%20led%20tube%20light%20holder_796c12b2-73ca-4cc6-9fce-a20a03213e9d.png?alt=media&token=0f6d950c-09ed-4423-9d40-c0a0d9911ccb,"[1.0, 10.0, 120.0]",796c12b2-73ca-4cc6-9fce-a20a03213e9d,1.0,4Ft led tube light holder,TUBE LIGHT FAME,LIGHT ITEMS ,2022-01-04 10:35:31.746000+00:00,100.0,"[0.0, 0.0, 0.0]",120.0,No Guarantee,"4FT Led Tube Lamp holder
 Single T8 Tube Frame for T8 Tube Light","[0.0, 0.0, 0.0]",Made in China ,"[0.0, 0.0, 0.0]",TUBE LIGHT,20.0,"[0.0, 0.0, 0.0]"
https://firebasestorage.googleapis.com/v0/b/etech-1234.appspot.com/o/METAL%20BOX%20AND%20DISTRIBUTION%20BOX%2FDB%20BOX(Distribution%20Box)%2FHeavy%20Metal%20DB%20box%2F8%20way%20Db%20Box_bc915b8a-6e00-4d63-bed0-1d585531a23b.png?alt=media&token=69d90c42-4923-4311-b4f6-e0e4bdc91d90,"[1.0, 10.0, 870.0]",bc915b8a-6e00-4d63-bed0-1d585531a23b,1.0,8 way Db Box,Heavy Metal DB box,METAL BOX AND DISTRIBUTION BOX,2022-01-04 10:16:39.876000+00:00,100.0,"[0.0, 0.0, 0.0]",870.0,No Guarantee,240/440volt,"[0.0, 0.0, 0.0]",MILLBORN,"[0.0, 0.0, 0.0]",DB BOX(Distribution Box),20.0,"[0.0, 0.0, 0.0]"
https://firebasestorage.googleapis.com/v0/b/etech-1234.appspot.com/o/LIGHT%20ITEMS%20%2FTUBE%20LIGHT%2FTUBE%20LIGHT%20FAME%2F4FT%20Led%20Tube%20Lamp%20holder%20_58366d71-b0e3-43d0-9403-586ab580f9ed.png?alt=media&token=be24875b-1033-4669-8b20-8746919c1e7f,"[1.0, 10.0, 80.0]",58366d71-b0e3-43d0-9403-586ab580f9ed,1.0,4FT Led Tube Lamp holder ,TUBE LIGHT FAME,LIGHT ITEMS ,2022-01-04 10:36:49.349000+00:00,1000.0,"[0.0, 0.0, 0.0]",80.0,No Guarantee,"4FT Led Tube Lamp holder Single
 T8 Tube Frame for T8 Tube Light","[0.0, 0.0, 0.0]",Made in China ,"[0.0, 0.0, 0.0]",TUBE LIGHT,20.0,"[0.0, 0.0, 0.0]"
https://firebasestorage.googleapis.com/v0/b/etech-1234.appspot.com/o/SWITCH%20AND%20SOCKETS%2FSwift%20gold%2FGANG%20SWITCH%2F3%20Gang%201%20way%2010%20A%20switch%20_555e1c77-b288-4848-a05f-6b5967d09e28.png?alt=media&token=0f844945-2463-423e-b29f-414bfa2cca19,"[1.0, 10.0, 135.0]",555e1c77-b288-4848-a05f-6b5967d09e28,1.0,3 Gang 1 way 10 A switch ,GANG SWITCH,SWITCH AND SOCKETS,2022-01-04 08:48:19.621000+00:00,100.0,"[0.0, 0.0, 0.0]",135.0,No Guarantee,"Colour white
20 Year GUARANTEE
High Efficiency 
Modern  Design 
safety and Accurancy","[0.0, 0.0, 0.0]",Swift gold,"[0.0, 0.0, 0.0]",Swift gold,40.0,"[0.0, 0.0, 0.0]"
https://firebasestorage.googleapis.com/v0/b/etech-1234.appspot.com/o/LIGHT%20ITEMS%20%2FLED%20BULB%2FSIGNATURE%20LED%20BULB%2F7W%20led%20Bulb%20B22%2FE27%20_2cccbb83-372d-4a3c-902f-a44c6650a2bb.png?alt=media&token=31f5a71f-4f85-4cbe-9c9e-a34a9159ea32,"[1.0, 5.0, 225.0]",2cccbb83-372d-4a3c-902f-a44c6650a2bb,1.0,7W led Bulb B22/E27 ,SIGNATURE LED BULB,LIGHT ITEMS ,2021-12-20 07:56:16.662000+00:00,1000.0,"[6.0, 10.0, 200.0]",225.0,2 Years,"Light Effect 100Lm
Led chip 2835
Voltag 85-265v
life :-50000
Luminous Flux :-450-500lm","[11.0, 50.0, 175.0]",SIGNATURE PREMIUM LED LIGHT,"[51.0, 100.0, 85.0]",LED BULB,25.0,"[0.0, 0.0, 0.0]"
https://firebasestorage.googleapis.com/v0/b/etech-1234.appspot.com/o/ELECTRICAL%20ACCESSORIES%20%2FHOLDER%20%2FANGLE%20HOLDER%2FANGLE%20Holder%20IK%20(Medium)_26cbdc6d-d0f0-4c36-9c5e-6158dcfe033c.png?alt=media&token=4773143e-93e5-492c-8242-df2266c6491e,"[1.0, 40.0, 45.0]",26cbdc6d-d0f0-4c36-9c5e-6158dcfe033c,1.0,ANGLE Holder IK (Medium),ANGLE HOLDER,ELECTRICAL ACCESSORIES ,2021-12-16 09:17:22.475000+00:00,1000.0,"[41.0, 1000.0, 28.0]",45.0,No Guarantee,"6 Amp 240 Volt
B22","[0.0, 0.0, 0.0]",Made in India,"[0.0, 0.0, 0.0]",HOLDER ,15.0,"[0.0, 0.0, 0.0]"
https://firebasestorage.googleapis.com/v0/b/etech-1234.appspot.com/o/LIGHT%20ITEMS%20%2FLED%20BULB%2FWega%2F9W%20Led%20Bulb%20B22%2FE27%20_e057d67a-c0c2-4266-b63f-e95429e14dad.png?alt=media&token=e7bfc39a-4b49-4107-937f-e68ac903aa2e,"[1.0, 5.0, 200.0]",e057d67a-c0c2-4266-b63f-e95429e14dad,1.0,9W Led Bulb B22/E27 ,Wega,LIGHT ITEMS ,2021-12-20 07:12:34.636000+00:00,1000.0,"[6.0, 10.0, 180.0]",200.0,1 Year,"Light Effect 100Lm
Led chip 2835
Voltag 100-240v
life :-25000
Luminous Flux :-450-500lm","[11.0, 20.0, 170.0]",WEGA,"[21.0, 50.0, 160.0]",LED BULB,25.0,"[51.0, 100.0, 155.0]"
https://firebasestorage.googleapis.com/v0/b/etech-1234.appspot.com/o/MACHINERY%20%20%26%20Tools%2FPOWER%20TOOLS%2FANGLE%20GRINDER%20%2FAngle%20Grander%20TIEODAO%20_4697c21b-1403-4583-8930-ea9f193eee95.png?alt=media&token=8fe947f0-a2ef-48a5-a615-ae0be1b63658,"[1.0, 100.0, 2999.0]",4697c21b-1403-4583-8930-ea9f193eee95,1.0,Angle Grander TIEODAO ,ANGLE GRINDER ,MACHINERY  & Tools,2022-01-07 06:32:33.955000+00:00,100.0,"[0.0, 0.0, 0.0]",2999.0,No Guarantee,"220v/50hz
800W
11000rpm","[0.0, 0.0, 0.0]",Made in China ,"[0.0, 0.0, 0.0]",POWER TOOLS,20.0,"[0.0, 0.0, 0.0]"
https://firebasestorage.googleapis.com/v0/b/etech-1234.appspot.com/o/MACHINERY%20%20%26%20Tools%2FPOWER%20TOOLS%2FANGLE%20GRINDER%20%2FAngle%20Grinder%20%20Prescott_c8eba0f7-2161-4dba-a0bc-919b8fb84cbb.png?alt=media&token=fc8acfbd-907f-4637-85aa-d21b122f5b26,"[1.0, 100.0, 3200.0]",c8eba0f7-2161-4dba-a0bc-919b8fb84cbb,1.0,Angle Grinder  Prescott,ANGLE GRINDER ,MACHINERY  & Tools,2022-01-07 06:43:17.841000+00:00,100.0,"[0.0, 0.0, 0.0]",3200.0,No Guarantee,"220v/50hz
750W
11000rpm","[0.0, 0.0, 0.0]",Made in China ,"[0.0, 0.0, 0.0]",POWER TOOLS,20.0,"[0.0, 0.0, 0.0]"
https://firebasestorage.googleapis.com/v0/b/etech-1234.appspot.com/o/MACHINERY%20%20%26%20Tools%2FPOWER%20TOOLS%2FANGLE%20GRINDER%20%2FAngle%20Grinder%20atlas%20power_db11489b-65cf-4fdc-9426-b3cfc38cc590.png?alt=media&token=583713c0-ef3f-4bd4-b7c6-34224e9ea0db,"[1.0, 100.0, 2699.0]",db11489b-65cf-4fdc-9426-b3cfc38cc590,1.0,Angle Grinder atlas power,ANGLE GRINDER ,MACHINERY  & Tools,2022-01-07 06:26:30.232000+00:00,100.0,"[0.0, 0.0, 0.0]",2699.0,No Guarantee,"220v/50hz
750W
13000rpm","[0.0, 0.0, 0.0]",Made in China ,"[0.0, 0.0, 0.0]",POWER TOOLS,15.0,"[0.0, 0.0, 0.0]"
https://firebasestorage.googleapis.com/v0/b/etech-1234.appspot.com/o/MACHINERY%20%20%26%20Tools%2FPOWER%20TOOLS%2FANGLE%20GRINDER%20%2FANGLE%20GRINDER%20CAMRON%20PRO_67536bd8-8a44-49bd-80ab-a7ca316692b2.png?alt=media&token=16b799b3-8b26-4c92-b0b2-3d2e6d1b5e8b,"[1.0, 100.0, 3799.0]",67536bd8-8a44-49bd-80ab-a7ca316692b2,1.0,ANGLE GRINDER CAMRON PRO,ANGLE GRINDER ,MACHINERY  & Tools,2022-01-07 06:30:05.683000+00:00,100.0,"[0.0, 0.0, 0.0]",3799.0,No Guarantee,"220v/50hz
950
11000rpm","[0.0, 0.0, 0.0]",Made in India,"[0.0, 0.0, 0.0]",POWER TOOLS,10.0,"[0.0, 0.0, 0.0]"
https://firebasestorage.googleapis.com/v0/b/etech-1234.appspot.com/o/SWITCH%20AND%20SOCKETS%2FSwift%20gold%2FGANG%20SWITCH%2F4%20Gang%201%20Way%2010A%20switch%20_e3af08c7-d810-4573-8545-c56922d1fd7b.png?alt=media&token=98674e88-46fb-4a58-96ca-8108b22b8127,"[1.0, 10.0, 185.0]",e3af08c7-d810-4573-8545-c56922d1fd7b,1.0,4 Gang 1 Way 10A switch ,GANG SWITCH,SWITCH AND SOCKETS,2022-01-04 08:50:06.632000+00:00,100.0,"[0.0, 0.0, 0.0]",185.0,No Guarantee,"Colour white
20 Year GUARANTEE
High Efficiency 
Modern  Design 
safety and Accurancy","[0.0, 0.0, 0.0]",Swift gold,"[0.0, 0.0, 0.0]",Swift gold,40.0,"[0.0, 0.0, 0.0]"
https://firebasestorage.googleapis.com/v0/b/etech-1234.appspot.com/o/MACHINERY%20%20%26%20Tools%2FPOWER%20TOOLS%2FMarble%20Cutter%20%2FBOSCH%20MARBLE%20CUTTER_b3537395-a1b7-4129-abe0-104e6033505c.png?alt=media&token=d3b5a395-7fda-47d9-983a-36da6686118c,"[1.0, 50.0, 3999.0]",b3537395-a1b7-4129-abe0-104e6033505c,1.0,BOSCH MARBLE CUTTER,Marble Cutter ,MACHINERY  & Tools,2022-01-07 11:12:17.982000+00:00,100.0,"[0.0, 0.0, 0.0]",3999.0,No Guarantee,"1350W
10000RPM","[0.0, 0.0, 0.0]",Made in China ,"[0.0, 0.0, 0.0]",POWER TOOLS,10.0,"[0.0, 0.0, 0.0]"
https://firebasestorage.googleapis.com/v0/b/etech-1234.appspot.com/o/INDUSTRAIL%2FTransformer%20%2FNEPAL%20TRANSFORMER%20%2F500%20KVA%20Transformer%20_2c2f222b-09e8-430c-a370-2f63f5509dcc.png?alt=media&token=3ded9aaf-b74c-4751-b824-19c635d10f24,"[1.0, 100.0, 1390000.0]",2c2f222b-09e8-430c-a370-2f63f5509dcc,1.0,500 KVA Transformer ,NEPAL TRANSFORMER ,INDUSTRAIL,2022-01-11 10:51:01.529000+00:00,100.0,"[0.0, 0.0, 0.0]",13900000.0,5 Years,Step Down Transformer ,"[0.0, 0.0, 0.0]",NEPAL TRANSFORMER ,"[0.0, 0.0, 0.0]",Transformer ,10.0,"[0.0, 0.0, 0.0]"
https://firebasestorage.googleapis.com/v0/b/etech-1234.appspot.com/o/INDUSTRAIL%2FTransformer%20%2FNEPAL%20TRANSFORMER%20%2F1000%20KVA%20Transformer%20_b32ba252-58bf-4f81-a3e4-3d0ffcb23d3c.png?alt=media&token=e362848c-e9ea-48d6-9afc-6bb2d00ab656,"[1.0, 100.0, 2285000.0]",b32ba252-58bf-4f81-a3e4-3d0ffcb23d3c,1.0,1000 KVA Transformer ,NEPAL TRANSFORMER ,INDUSTRAIL,2022-01-11 10:56:19.323000+00:00,100.0,"[0.0, 0.0, 0.0]",2285000.0,5 Years,Step Down Transformer ,"[0.0, 0.0, 0.0]",NEPAL TRANSFORMER ,"[0.0, 0.0, 0.0]",Transformer ,10.0,"[0.0, 0.0, 0.0]"
https://firebasestorage.googleapis.com/v0/b/etech-1234.appspot.com/o/LIGHT%20ITEMS%20%2FLED%20BULB%2FSIGNATURE%20LED%20BULB%2F12W%20led%20bulb%20B22%2FE27%20_42a8c17a-5034-4fe2-bdfd-010602d37b30.png?alt=media&token=75290c00-403e-4c71-a966-8c8aec27a1a2,"[1.0, 5.0, 325.0]",42a8c17a-5034-4fe2-bdfd-010602d37b30,1.0,12W led bulb B22/E27 ,SIGNATURE LED BULB,LIGHT ITEMS ,2021-12-20 08:05:19.930000+00:00,1000.0,"[6.0, 10.0, 300.0]",325.0,2 Years,"Light Effect 100Lm
Led chip 2835
Voltag 85-265v
life :-50000
Luminous Flux :- 450-500lm","[11.0, 20.0, 260.0]",SIGNATURE PREMIUM LED LIGHT,"[21.0, 50.0, 200.0]",LED BULB,25.0,"[51.0, 100.0, 144.0]"
https://firebasestorage.googleapis.com/v0/b/etech-1234.appspot.com/o/LIGHT%20ITEMS%20%2FLED%20BULB%2FSIGNATURE%20LED%20BULB%2F15W%20led%20bulb%20B22%2FE27%20_4144a545-6ab4-4ca2-82d2-3a1d09ea3755.png?alt=media&token=8ca662ee-5c54-4d29-8a5c-885809d76e11,"[1.0, 5.0, 350.0]",4144a545-6ab4-4ca2-82d2-3a1d09ea3755,1.0,15W led bulb B22/E27 ,SIGNATURE LED BULB,LIGHT ITEMS ,2021-12-20 08:07:12.730000+00:00,1000.0,"[6.0, 10.0, 325.0]",350.0,2 Years,"Light Effect 100Lm
Led chip 2835
Voltag 85-265v
life :-50000
Luminous Flux :-450-500lm","[11.0, 20.0, 275.0]",SIGNATURE PREMIUM LED LIGHT,"[21.0, 50.0, 200.0]",LED BULB,25.0,"[51.0, 100.0, 158.0]"
https://firebasestorage.googleapis.com/v0/b/etech-1234.appspot.com/o/INDUSTRAIL%2FTransformer%20%2FNEPAL%20TRANSFORMER%20%2F300KVA%20Transformer%20_76df3bcb-0492-43ac-848e-f3d1367b4423.png?alt=media&token=2f9f4bac-ca60-4eb2-ae42-e8d9ccc2a018,"[1.0, 100.0, 1190000.0]",76df3bcb-0492-43ac-848e-f3d1367b4423,1.0,300KVA Transformer ,NEPAL TRANSFORMER ,INDUSTRAIL,2022-01-11 10:48:15.649000+00:00,100.0,"[0.0, 0.0, 0.0]",1190000.0,5 Years,Step Down Transformer ,"[0.0, 0.0, 0.0]",NEPAL TRANSFORMER ,"[0.0, 0.0, 0.0]",Transformer ,10.0,"[0.0, 0.0, 0.0]"
https://firebasestorage.googleapis.com/v0/b/etech-1234.appspot.com/o/INDUSTRAIL%2FTransformer%20%2FNEPAL%20TRANSFORMER%20%2F400KVA%20Transformer%20_bd2a891a-755c-49d5-89d8-5bee8c9b729d.png?alt=media&token=d0f169d5-08b2-48fe-8e8a-a7273b8e956e,"[1.0, 100.0, 1270000.0]",bd2a891a-755c-49d5-89d8-5bee8c9b729d,1.0,400KVA Transformer ,NEPAL TRANSFORMER ,INDUSTRAIL,2022-01-11 10:49:47.486000+00:00,100.0,"[0.0, 0.0, 0.0]",1270000.0,5 Years,Step Down Transformer ,"[0.0, 0.0, 0.0]",NEPAL TRANSFORMER ,"[0.0, 0.0, 0.0]",Transformer ,10.0,"[0.0, 0.0, 0.0]"
https://firebasestorage.googleapis.com/v0/b/etech-1234.appspot.com/o/METAL%20BOX%20AND%20DISTRIBUTION%20BOX%2FDB%20BOX(Distribution%20Box)%2FHeavy%20Metal%20DB%20box%2F6%20way%20Db%20Box_a73d6582-3ee8-422d-882c-8aeffb929236.png?alt=media&token=b80fc7d1-8525-4a77-a8a0-3f9335222b34,"[1.0, 10.0, 760.0]",a73d6582-3ee8-422d-882c-8aeffb929236,1.0,6 way Db Box,Heavy Metal DB box,METAL BOX AND DISTRIBUTION BOX,2022-01-04 10:15:05.261000+00:00,100.0,"[0.0, 0.0, 0.0]",760.0,No Guarantee,240/440volt,"[0.0, 0.0, 0.0]",MILLBORN,"[0.0, 0.0, 0.0]",DB BOX(Distribution Box),20.0,"[0.0, 0.0, 0.0]"
https://firebasestorage.googleapis.com/v0/b/etech-1234.appspot.com/o/METAL%20BOX%20AND%20DISTRIBUTION%20BOX%2FDB%20BOX(Distribution%20Box)%2FHeavy%20Metal%20DB%20box%2F10%20way%20Db%20box_1614fcb7-959e-49be-a52c-3e84ad0f471a.png?alt=media&token=28a25c40-f05a-4595-8123-23339fd7a34a,"[1.0, 10.0, 980.0]",1614fcb7-959e-49be-a52c-3e84ad0f471a,1.0,10 way Db box,Heavy Metal DB box,METAL BOX AND DISTRIBUTION BOX,2022-01-04 10:18:44.392000+00:00,100.0,"[0.0, 0.0, 0.0]",980.0,No Guarantee,240/440volt,"[0.0, 0.0, 0.0]",MILLBORN,"[0.0, 0.0, 0.0]",DB BOX(Distribution Box),20.0,"[0.0, 0.0, 0.0]"
https://firebasestorage.googleapis.com/v0/b/etech-1234.appspot.com/o/MACHINERY%20%20%26%20Tools%2FPOWER%20TOOLS%2FMarble%20Cutter%20%2FBosch%20Marble%20Cutter_7588e3f2-aea5-4d7c-b48a-495e1805b7ee.png?alt=media&token=a9e0c175-1e24-4293-a0e5-c8fc67475081,"[1.0, 50.0, 9500.0]",7588e3f2-aea5-4d7c-b48a-495e1805b7ee,1.0,Bosch Marble Cutter,Marble Cutter ,MACHINERY  & Tools,2022-01-07 11:09:11.519000+00:00,50.0,"[0.0, 0.0, 0.0]",9500.0,No Guarantee,"1200W
1200RPM","[0.0, 0.0, 0.0]",Made in China ,"[0.0, 0.0, 0.0]",POWER TOOLS,20.0,"[0.0, 0.0, 0.0]"
https://firebasestorage.googleapis.com/v0/b/etech-1234.appspot.com/o/MACHINERY%20%20%26%20Tools%2FPOWER%20TOOLS%2FDrill%20Machine%2FCamron%2010mm%20Dril_40f04f6c-c31e-4f72-b661-503b8495623a.png?alt=media&token=a7ddc400-3a43-48bf-844b-29842fb50581,"[1.0, 100.0, 1999.0]",40f04f6c-c31e-4f72-b661-503b8495623a,1.0,Camron 10mm Dril,Drill Machine,MACHINERY  & Tools,2022-01-07 11:29:50.043000+00:00,100.0,"[0.0, 0.0, 0.0]",1999.0,No Guarantee,"450W
0-4500RPM","[0.0, 0.0, 0.0]",Made in China ,"[0.0, 0.0, 0.0]",POWER TOOLS,10.0,"[0.0, 0.0, 0.0]"
https://firebasestorage.googleapis.com/v0/b/etech-1234.appspot.com/o/SWITCH%20AND%20SOCKETS%2FSwift%20gold%2FGANG%20SWITCH%2F1%20Gang%201%20Way%20%2010%20A%20Switch%20_c435c3ef-bb6e-471d-90a7-2cf212217689.png?alt=media&token=e309c195-109f-41c8-a28f-824da86cf42c,"[1.0, 10.0, 75.0]",c435c3ef-bb6e-471d-90a7-2cf212217689,1.0,1 Gang 1 Way  10 A Switch ,GANG SWITCH,SWITCH AND SOCKETS,2022-01-04 08:44:17.868000+00:00,100.0,"[0.0, 0.0, 0.0]",75.0,No Guarantee,"Colour white
20 Year GUARANTEE
High Efficiency 
Modern  Design 
safety and Accurancy","[0.0, 0.0, 0.0]",Swift gold,"[0.0, 0.0, 0.0]",Swift gold,40.0,"[0.0, 0.0, 0.0]"
https://firebasestorage.googleapis.com/v0/b/etech-1234.appspot.com/o/METAL%20BOX%20AND%20DISTRIBUTION%20BOX%2FDB%20BOX(Distribution%20Box)%2FHeavy%20Metal%20DB%20box%2F16%20way%20Db%20Bix_b7991dce-93b1-437c-8e73-7a1625b25c40.png?alt=media&token=cae979ac-d56d-4d78-b749-9aa9672eca98,"[1.0, 10.0, 1385.0]",b7991dce-93b1-437c-8e73-7a1625b25c40,1.0,16 way Db Bix,Heavy Metal DB box,METAL BOX AND DISTRIBUTION BOX,2022-01-04 10:29:09.024000+00:00,100.0,"[0.0, 0.0, 0.0]",1385.0,No Guarantee,240/440volt,"[0.0, 0.0, 0.0]",MILLBORN,"[0.0, 0.0, 0.0]",DB BOX(Distribution Box),20.0,"[0.0, 0.0, 0.0]"
https://firebasestorage.googleapis.com/v0/b/etech-1234.appspot.com/o/INDUSTRAIL%2FTransformer%20%2FNEPAL%20TRANSFORMER%20%2F150KVA%20Transformer%20_24afd5d9-c976-43af-9822-94f4ec708f62.png?alt=media&token=0b412fa8-c846-4869-8532-94b2706f4da3,"[1.0, 100.0, 770000.0]",24afd5d9-c976-43af-9822-94f4ec708f62,1.0,150KVA Transformer ,NEPAL TRANSFORMER ,INDUSTRAIL,2022-01-11 10:43:34.900000+00:00,100.0,"[0.0, 0.0, 0.0]",770000.0,5 Years,Step Down Transformer ,"[0.0, 0.0, 0.0]",NEPAL TRANSFORMER ,"[0.0, 0.0, 0.0]",Transformer ,10.0,"[0.0, 0.0, 0.0]"
https://firebasestorage.googleapis.com/v0/b/etech-1234.appspot.com/o/INDUSTRAIL%2FTransformer%20%2FNEPAL%20TRANSFORMER%20%2F800KVA%20Transformer%20_9373b4f2-a0c3-471a-bebc-0d3a9e0c19c9.png?alt=media&token=21cf982b-a16d-425c-9a2c-fd9222522c01,"[1.0, 100.0, 1990000.0]",9373b4f2-a0c3-471a-bebc-0d3a9e0c19c9,1.0,800KVA Transformer ,NEPAL TRANSFORMER ,INDUSTRAIL,2022-01-11 10:53:41.260000+00:00,100.0,"[0.0, 0.0, 0.0]",1990000.0,5 Years,Step Down Transformer ,"[0.0, 0.0, 0.0]",NEPAL TRANSFORMER ,"[0.0, 0.0, 0.0]",Transformer ,10.0,"[0.0, 0.0, 0.0]"
https://firebasestorage.googleapis.com/v0/b/etech-1234.appspot.com/o/MACHINERY%20%20%26%20Tools%2FPOWER%20TOOLS%2FDrill%20Machine%2Flibite%20Battery%20Drill_5f0c0c4e-ea2a-4a54-a988-80f9fc5b7440.png?alt=media&token=c78a8e67-398e-481e-beed-2cd36e1b9e4a,"[1.0, 100.0, 3499.0]",5f0c0c4e-ea2a-4a54-a988-80f9fc5b7440,1.0,libite Battery Drill,Drill Machine,MACHINERY  & Tools,2022-01-07 11:43:22.444000+00:00,100.0,"[0.0, 0.0, 0.0]",3499.0,No Guarantee,12V Dc with battery and a charger ,"[0.0, 0.0, 0.0]",Made in China ,"[0.0, 0.0, 0.0]",POWER TOOLS,10.0,"[0.0, 0.0, 0.0]"
https://firebasestorage.googleapis.com/v0/b/etech-1234.appspot.com/o/INDUSTRAIL%2FTransformer%20%2FNEPAL%20TRANSFORMER%20%2F200%20KVA%20Transformer%20_d3b2a91b-48de-45fa-8f31-00f5b167f13b.png?alt=media&token=cb04afa6-eef3-430c-a8b1-d79924e0a381,"[1.0, 100.0, 970000.0]",d3b2a91b-48de-45fa-8f31-00f5b167f13b,1.0,200 KVA Transformer ,NEPAL TRANSFORMER ,INDUSTRAIL,2022-01-11 10:44:49.296000+00:00,100.0,"[0.0, 0.0, 0.0]",970000.0,5 Years,Step Down Transformer ,"[0.0, 0.0, 0.0]",NEPAL TRANSFORMER ,"[0.0, 0.0, 0.0]",Transformer ,10.0,"[0.0, 0.0, 0.0]"
https://firebasestorage.googleapis.com/v0/b/etech-1234.appspot.com/o/MACHINERY%20%20%26%20Tools%2FPOWER%20TOOLS%2FDrill%20Machine%2FSeltron%2013mm%20Drill%20_392c9fa2-40b7-48e8-8217-d699ffd900db.png?alt=media&token=703fd433-5268-4a52-b913-8df3df946761,"[1.0, 50.0, 3299.0]",392c9fa2-40b7-48e8-8217-d699ffd900db,1.0,Seltron 13mm Drill ,Drill Machine,MACHINERY  & Tools,2022-01-07 11:25:35.898000+00:00,100.0,"[0.0, 0.0, 0.0]",3299.0,No Guarantee,"750W 
0-3000Rpm","[0.0, 0.0, 0.0]",Made in China ,"[0.0, 0.0, 0.0]",POWER TOOLS,15.0,"[0.0, 0.0, 0.0]"
https://firebasestorage.googleapis.com/v0/b/etech-1234.appspot.com/o/MACHINERY%20%20%26%20Tools%2FPOWER%20TOOLS%2FMarble%20Cutter%20%2FDCA%20MARBLE%20CUTTER_2023ae28-8947-4bb9-b476-33c23e31c9d3.png?alt=media&token=e6292179-a8c0-4dfe-a640-4dc636b899d0,"[1.0, 50.0, 5499.0]",2023ae28-8947-4bb9-b476-33c23e31c9d3,1.0,DCA MARBLE CUTTER,Marble Cutter ,MACHINERY  & Tools,2022-01-07 11:16:42.075000+00:00,100.0,"[0.0, 0.0, 0.0]",5499.0,No Guarantee,"1240W
1300RPM","[0.0, 0.0, 0.0]",Made in China ,"[0.0, 0.0, 0.0]",POWER TOOLS,10.0,"[0.0, 0.0, 0.0]"
https://firebasestorage.googleapis.com/v0/b/etech-1234.appspot.com/o/LIGHT%20ITEMS%20%2FTUBE%20LIGHT%2FSWIFT%20GOLD%20TUBE%20LIGHT%2F18%20watt%20led%20tube%20light_04620d56-bf28-4315-aaa0-1c1247e1eb3c.png?alt=media&token=e4dcf364-f38c-4eda-922d-35904d2585cb,"[1.0, 10.0, 185.0]",04620d56-bf28-4315-aaa0-1c1247e1eb3c,1.0,18 watt led tube light,SWIFT GOLD TUBE LIGHT,LIGHT ITEMS ,2022-01-04 10:57:32.058000+00:00,1000.0,"[0.0, 0.0, 0.0]",185.0,1 Year,"1200 lumen
6500k
165 -265 volt","[0.0, 0.0, 0.0]",Swift gold,"[0.0, 0.0, 0.0]",TUBE LIGHT,20.0,"[0.0, 0.0, 0.0]"
https://firebasestorage.googleapis.com/v0/b/etech-1234.appspot.com/o/LIGHT%20ITEMS%20%2FLED%20BULB%2FWega%2F5W%20Led%20Bulb%20B22%2FE27_25e9c218-44a1-4f82-b903-633f60f966a4.png?alt=media&token=dbfa8ce6-c4e4-4e4a-88d9-daf1a8a745bf,"[1.0, 5.0, 100.0]",25e9c218-44a1-4f82-b903-633f60f966a4,1.0,5W Led Bulb B22/E27,Wega,LIGHT ITEMS ,2021-12-20 07:05:09.333000+00:00,1000.0,"[6.0, 10.0, 95.0]",100.0,1 Year,"Light Effect 100Lm
Led chip 2835
Voltag 100-240v
life :-25000
Luminous Flux :-450-500lm","[11.0, 100.0, 88.2]",WEGA,"[0.0, 0.0, 0.0]",LED BULB,25.0,"[0.0, 0.0, 0.0]"
https://firebasestorage.googleapis.com/v0/b/etech-1234.appspot.com/o/MACHINERY%20%20%26%20Tools%2FPOWER%20TOOLS%2FANGLE%20GRINDER%20%2FAngle%20Grinder%20DCA_ee80967d-53c8-4413-b440-c61757724681.png?alt=media&token=480109fd-29cf-4658-add2-edefdbe06516,"[1.0, 100.0, 3499.0]",ee80967d-53c8-4413-b440-c61757724681,1.0,Angle Grinder DCA,ANGLE GRINDER ,MACHINERY  & Tools,2022-01-07 06:39:12.402000+00:00,100.0,"[0.0, 0.0, 0.0]",3499.0,No Guarantee,"220v/50hz
560W
13000rpm","[0.0, 0.0, 0.0]",Made in China ,"[0.0, 0.0, 0.0]",POWER TOOLS,20.0,"[0.0, 0.0, 0.0]"
https://firebasestorage.googleapis.com/v0/b/etech-1234.appspot.com/o/ELECTRICAL%20ACCESSORIES%20%2FHOLDER%20%2FANGLE%20HOLDER%2FAngle%20Holder%20(Heavy)_607f92d1-3cbd-4f5a-9423-080e17c48320.png?alt=media&token=85ca27eb-58e6-4703-9237-214e9c255459,"[1.0, 40.0, 40.0]",607f92d1-3cbd-4f5a-9423-080e17c48320,1.0,Angle Holder (Heavy),ANGLE HOLDER,ELECTRICAL ACCESSORIES ,2021-12-16 09:12:52.168000+00:00,1000000.0,"[41.0, 1000.0, 28.75]",40.0,No Guarantee,"6Amp
240 Volt","[0.0, 0.0, 0.0]",Made in India,"[0.0, 0.0, 0.0]",HOLDER ,15.0,"[0.0, 0.0, 0.0]"
https://firebasestorage.googleapis.com/v0/b/etech-1234.appspot.com/o/WIRE%20AND%20CABLE%20%2FWIRE%20AND%20CABLES%20%2FDELA%20AND%20HAVELLS%20CABLE%2F2.5%20mm%20Multistrand%20flexible%20wire_fa23844c-12a5-47a6-a03f-3ba0fa1988c1.png?alt=media&token=a934aa4d-4a8b-463b-a581-1fca90d824bb,"[1.0, 10.0, 3640.0]",fa23844c-12a5-47a6-a03f-3ba0fa1988c1,1.0,2.5 mm Multistrand flexible wire,DELA AND HAVELLS CABLE,WIRE AND CABLE ,2021-12-20 05:08:33.702000+00:00,180.0,"[11.0, 18.0, 3520.0]",3640.0,15 Years,"Delta & Havells Cable 
NS 344 certificated
100% pure cable cable
90 m in each coil GUARANTEED 
","[19.0, 90.0, 3398.0]",DELTA &HEVELLS WIRE,"[91.0, 180.0, 3337.4]",WIRE AND CABLES ,5.0,"[0.0, 0.0, 0.0]"
https://firebasestorage.googleapis.com/v0/b/etech-1234.appspot.com/o/WIRE%20AND%20CABLE%20%2FWIRE%20AND%20CABLES%20%2FDELA%20AND%20HAVELLS%20CABLE%2F1.5%20MM%20multistrand%20flexible%20wire_e5cf7d45-1f0c-41b6-a5f8-41ac22664152.png?alt=media&token=b82afdb0-e0b4-4690-a035-37309202fdbc,"[1.0, 10.0, 2220.0]",e5cf7d45-1f0c-41b6-a5f8-41ac22664152,1.0,1.5 MM multistrand flexible wire,DELA AND HAVELLS CABLE,WIRE AND CABLE ,2021-12-20 05:04:17.529000+00:00,180.0,"[11.0, 18.0, 2146.0]",2220.0,15 Years,"Delta & Havells Cable 
NS 344 certificated
100% pure cable cable
90 m in each coil GUARANTEED 
","[19.0, 90.0, 2072.0]",DELTA &HEVELLS WIRE,"[91.0, 180.0, 2035.0]",WIRE AND CABLES ,5.0,"[0.0, 0.0, 0.0]"
https://firebasestorage.googleapis.com/v0/b/etech-1234.appspot.com/o/LIGHT%20ITEMS%20%2FLED%20BULB%2FSIGNATURE%20LED%20BULB%2F3W%20led%20bulb%20B22%2FE27%20_9f6a1319-d704-4c77-bd09-248fefdddd0e.png?alt=media&token=1f60bfa4-2c52-4a42-8e3b-654b24cb48a2,"[1.0, 2.0, 125.0]",9f6a1319-d704-4c77-bd09-248fefdddd0e,1.0,3W led bulb B22/E27 ,SIGNATURE LED BULB,LIGHT ITEMS ,2021-12-20 07:50:39.581000+00:00,1000.0,"[3.0, 5.0, 110.0]",125.0,2 Years,"Light Effect 100Lm
Led chip 2835
Voltag 85-265v
life :-50000
Luminous Flux :-450-500lm","[6.0, 10.0, 100.0]",SIGNATURE PREMIUM LED LIGHT,"[11.0, 50.0, 75.0]",LED BULB,25.0,"[51.0, 100.0, 59.0]"
https://firebasestorage.googleapis.com/v0/b/etech-1234.appspot.com/o/SWITCH%20AND%20SOCKETS%2FSwift%20gold%2FGANG%20SWITCH%2F6%20Gang%20%2B%2013%20A%20MF%20Socket%20With%20Indicator%20_d6772508-37f7-42de-bd6e-b933bd09737e.png?alt=media&token=677e56a3-c706-492f-92a0-c856ad4a161f,"[1.0, 2.0, 375.0]",d6772508-37f7-42de-bd6e-b933bd09737e,1.0,6 Gang + 13 A MF Socket With Indicator ,GANG SWITCH,SWITCH AND SOCKETS,2022-01-04 08:34:46.228000+00:00,100.0,"[3.0, 10.0, 355.0]",375.0,No Guarantee,"Colour white
20 Year GUARANTEE
High Efficiency 
Modern  Design 
safety and Accurancy","[11.0, 50.0, 330.0]",Swift gold,"[0.0, 0.0, 0.0]",Swift gold,40.0,"[0.0, 0.0, 0.0]"
https://firebasestorage.googleapis.com/v0/b/etech-1234.appspot.com/o/ELECTRICAL%20ACCESSORIES%20%2FTWO%20PIN%20TOP%2F2%20PINTOP%2FApple%20two%20pin%20top_62af4790-35d8-4780-9d67-d267c58400ee.png?alt=media&token=cdb6e4b8-f713-469f-a64f-b18c9f39abee,"[1.0, 10.0, 35.0]",62af4790-35d8-4780-9d67-d267c58400ee,1.0,Apple two pin top,2 PINTOP,ELECTRICAL ACCESSORIES ,2021-12-20 09:00:38.792000+00:00,1000.0,"[10.0, 50.0, 31.25]",35.0,No Guarantee,"16A 
240 volt
","[51.0, 500.0, 28.0]",NON BRAND ,"[0.0, 0.0, 0.0]",TWO PIN TOP,25.0,"[0.0, 0.0, 0.0]"
https://firebasestorage.googleapis.com/v0/b/etech-1234.appspot.com/o/INDUSTRAIL%2FTransformer%20%2FNEPAL%20TRANSFORMER%20%2F50KVA%20Transformer%20_7b692e34-17ce-4292-a190-99f7983779ba.png?alt=media&token=00436b7f-0f8a-4e13-924c-99547fbf78f3,"[1.0, 100.0, 390000.0]",7b692e34-17ce-4292-a190-99f7983779ba,1.0,50KVA Transformer ,NEPAL TRANSFORMER ,INDUSTRAIL,2022-01-11 10:40:58.225000+00:00,100.0,"[0.0, 0.0, 0.0]",390000.0,5 Years,step down transformer ,"[0.0, 0.0, 0.0]",NEPAL TRANSFORMER ,"[0.0, 0.0, 0.0]",Transformer ,10.0,"[0.0, 0.0, 0.0]"
https://firebasestorage.googleapis.com/v0/b/etech-1234.appspot.com/o/INDUSTRAIL%2FTransformer%20%2FNEPAL%20TRANSFORMER%20%2F100%20KVA%20Transformer%20_9220810f-d6ff-4826-8abe-c805f43d75f8.png?alt=media&token=19435648-8e25-4f72-ace8-1a97214de9fb,"[1.0, 100.0, 580000.0]",9220810f-d6ff-4826-8abe-c805f43d75f8,1.0,100 KVA Transformer ,NEPAL TRANSFORMER ,INDUSTRAIL,2022-01-11 10:42:23.049000+00:00,100.0,"[0.0, 0.0, 0.0]",580000.0,5 Years,Step Down Transformer ,"[0.0, 0.0, 0.0]",NEPAL TRANSFORMER ,"[0.0, 0.0, 0.0]",Transformer ,10.0,"[0.0, 0.0, 0.0]"
https://firebasestorage.googleapis.com/v0/b/etech-1234.appspot.com/o/INDUSTRAIL%2FTransformer%20%2FNEPAL%20TRANSFORMER%20%2F25KVA%20%20Transformer%20_fc5b86eb-adad-446c-b384-9ce5711f0a3e.png?alt=media&token=5a3bd0b5-22bf-425f-9fa7-0cd8ed0b6a90,"[1.0, 100.0, 275000.0]",fc5b86eb-adad-446c-b384-9ce5711f0a3e,1.0,25KVA  Transformer ,NEPAL TRANSFORMER ,INDUSTRAIL,2022-01-11 10:25:48.449000+00:00,100.0,"[0.0, 0.0, 0.0]",275000.0,5 Years,Step Down Transformer ,"[0.0, 0.0, 0.0]",NEPAL TRANSFORMER ,"[0.0, 0.0, 0.0]",Transformer ,5.0,"[0.0, 0.0, 0.0]"
https://firebasestorage.googleapis.com/v0/b/etech-1234.appspot.com/o/MCB%20And%20MCCB%20%2FMCB%2FC%26S%2F16%20A%20Sp%20MCB_73d0dedd-f3cb-4a9a-966e-13afcd2a781c.png?alt=media&token=268a2df0-ee27-4344-a6e0-10e56ed379f9,"[1.0, 50.0, 200.0]",73d0dedd-f3cb-4a9a-966e-13afcd2a781c,1.0,16 A Sp MCB,C&S,MCB And MCCB ,2022-01-07 04:55:23.561000+00:00,10000.0,"[0.0, 0.0, 0.0]",200.0,No Guarantee,"IEC/EN 60898-1
50/60 HZ","[0.0, 0.0, 0.0]",C & S,"[0.0, 0.0, 0.0]",MCB,10.0,"[0.0, 0.0, 0.0]"
https://firebasestorage.googleapis.com/v0/b/etech-1234.appspot.com/o/INDUSTRAIL%2FTransformer%20%2FNEPAL%20TRANSFORMER%20%2F250%20KVA%20Transformer%20_521f90ca-e194-42c8-bdc4-737cadc2b062.png?alt=media&token=1f7530bb-d87a-4a3c-8f2b-c091cb94a1cc,"[1.0, 100.0, 1050000.0]",521f90ca-e194-42c8-bdc4-737cadc2b062,1.0,250 KVA Transformer ,NEPAL TRANSFORMER ,INDUSTRAIL,2022-01-11 10:45:58.574000+00:00,100.0,"[0.0, 0.0, 0.0]",1050000.0,5 Years,Step Down Transformer ,"[0.0, 0.0, 0.0]",NEPAL TRANSFORMER ,"[0.0, 0.0, 0.0]",Transformer ,10.0,"[0.0, 0.0, 0.0]"
https://firebasestorage.googleapis.com/v0/b/etech-1234.appspot.com/o/WIRE%20AND%20CABLE%20%2FWIRE%20AND%20CABLES%20%2FDELA%20AND%20HAVELLS%20CABLE%2F4.0mm%20Multistrand%20Flexible%20Wire_3b582405-eecd-400e-9340-b0aab94c658e.png?alt=media&token=781e76cb-efac-4347-9647-f711aed1cdeb,"[1.0, 6.0, 5566.38]",3b582405-eecd-400e-9340-b0aab94c658e,1.0,4.0mm Multistrand Flexible Wire,DELA AND HAVELLS CABLE,WIRE AND CABLE ,2021-12-20 05:13:06.927000+00:00,120.0,"[7.0, 12.0, 5380.8]",5566.38,15 Years,"Delta & Havells Cable 
NS 344 certificated
100% pure cable cable
90 m in each coil GUARANTEED 
","[13.0, 60.0, 5195.0]",DELTA &HEVELLS WIRE,"[61.0, 120.0, 5102.0]",WIRE AND CABLES ,4.0,"[0.0, 0.0, 0.0]"
https://firebasestorage.googleapis.com/v0/b/etech-1234.appspot.com/o/SWITCH%20AND%20SOCKETS%2FSwift%20gold%2FGANG%20SWITCH%2F%201%20Gang%2016%20A%206%20Pin%20Socket_0b02c14b-f8f0-4bcd-ac19-542b9fd8d629.png?alt=media&token=16feaf2c-05c4-4b49-be77-83b57514170d,"[1.0, 2.0, 180.0]",0b02c14b-f8f0-4bcd-ac19-542b9fd8d629,1.0, 1 Gang 16 A 6 Pin Socket,GANG SWITCH,SWITCH AND SOCKETS,2022-01-04 08:42:22.756000+00:00,100.0,"[0.0, 0.0, 0.0]",180.0,No Guarantee,"Colour white
20 Year GUARANTEE
High Efficiency 
Modern  Design 
safety and Accurancy","[0.0, 0.0, 0.0]",Swift gold,"[0.0, 0.0, 0.0]",Swift gold,40.0,"[0.0, 0.0, 0.0]"
https://firebasestorage.googleapis.com/v0/b/etech-1234.appspot.com/o/ELECTRICAL%20ACCESSORIES%20%2FHOLDER%20%2FBATTEN%20HOLDER%20%2FBatten%20Holder(Normal)_c43e2d1c-a396-4e05-ba7d-6e71f494bc1c.png?alt=media&token=f3d12bc9-8e07-4adb-a4ad-15a1d90c09b5,"[1.0, 40.0, 34.0]",c43e2d1c-a396-4e05-ba7d-6e71f494bc1c,1.0,Batten Holder(Normal),BATTEN HOLDER ,ELECTRICAL ACCESSORIES ,2021-12-16 09:44:39.570000+00:00,1000.0,"[41.0, 1000.0, 25.8]",34.0,No Guarantee,"6 A
240 vot
Normal quality ","[0.0, 0.0, 0.0]",NON BRAND ,"[0.0, 0.0, 0.0]",HOLDER ,15.0,"[0.0, 0.0, 0.0]"
https://firebasestorage.googleapis.com/v0/b/etech-1234.appspot.com/o/MACHINERY%20%20%26%20Tools%2FPOWER%20TOOLS%2FANGLE%20GRINDER%20%2FAngle%20Grinder%20%20kishan_07c48a08-ef8d-4c4e-9589-aa812e7df9dd.png?alt=media&token=c95dcde1-d5e9-4d9c-b853-4d699d63d9eb,"[1.0, 100.0, 3200.0]",07c48a08-ef8d-4c4e-9589-aa812e7df9dd,1.0,Angle Grinder  kishan,ANGLE GRINDER ,MACHINERY  & Tools,2022-01-07 06:46:00.146000+00:00,100.0,"[0.0, 0.0, 0.0]",3200.0,No Guarantee,"220v/50hz
750W
11000rpm","[0.0, 0.0, 0.0]",Made in India,"[0.0, 0.0, 0.0]",POWER TOOLS,20.0,"[0.0, 0.0, 0.0]"
https://firebasestorage.googleapis.com/v0/b/etech-1234.appspot.com/o/HOME%20ACCESSORIES%20%2FWATER%20JAR%20PUMP%2FELECTRIC%20PUMP%2FTouch%20Electric%20Pump_575ab575-9bc7-401a-89cd-ae58eda4c536.png?alt=media&token=c27d9546-3861-49f9-a96e-5b244035eb5f,"[1.0, 2.0, 500.0]",575ab575-9bc7-401a-89cd-ae58eda4c536,1.0,Touch Electric Pump,ELECTRIC PUMP,HOME ACCESSORIES ,2021-12-20 06:33:37.728000+00:00,100.0,"[3.0, 10.0, 400.0]",500.0,No Guarantee,"Rechargeable 
Dc 5v/1.5A
5w","[0.0, 0.0, 0.0]",NON BRAND ,"[0.0, 0.0, 0.0]",WATER JAR PUMP,20.0,"[0.0, 0.0, 0.0]"
https://firebasestorage.googleapis.com/v0/b/etech-1234.appspot.com/o/MACHINERY%20%20%26%20Tools%2FPOWER%20TOOLS%2FMarble%20Cutter%20%2FDCA%20MARBLE%20CUTTER_37aa09c2-464e-4fad-914c-2e0a2d11b4fa.png?alt=media&token=d53dbda0-caff-43fb-864d-f832a0043037,"[1.0, 50.0, 4999.0]",37aa09c2-464e-4fad-914c-2e0a2d11b4fa,1.0,DCA MARBLE CUTTER,Marble Cutter ,MACHINERY  & Tools,2022-01-07 11:14:26.810000+00:00,100.0,"[0.0, 0.0, 0.0]",4999.0,No Guarantee,"1050W
1350RPM","[0.0, 0.0, 0.0]",Made in China ,"[0.0, 0.0, 0.0]",POWER TOOLS,10.0,"[0.0, 0.0, 0.0]"
https://firebasestorage.googleapis.com/v0/b/etech-1234.appspot.com/o/INDUSTRAIL%2FTransformer%20%2FNEPAL%20TRANSFORMER%20%2F630KVA%20Transformer%20_138e5d92-f1ac-4343-8901-71a609211ae9.png?alt=media&token=1251eee2-84b4-4459-b523-6f560e228812,"[1.0, 100.0, 1635000.0]",138e5d92-f1ac-4343-8901-71a609211ae9,1.0,630KVA Transformer ,NEPAL TRANSFORMER ,INDUSTRAIL,2022-01-11 10:52:12.059000+00:00,100.0,"[0.0, 0.0, 0.0]",1635000.0,5 Years,Step Down Transformer ,"[0.0, 0.0, 0.0]",NEPAL TRANSFORMER ,"[0.0, 0.0, 0.0]",Transformer ,10.0,"[0.0, 0.0, 0.0]"
https://firebasestorage.googleapis.com/v0/b/etech-1234.appspot.com/o/ELECTRICAL%20ACCESSORIES%20%2FHOLDER%20%2FPendent%20Holder%2FPENDENT%20Holder(Heavy)_6b5e5862-faba-4d82-85d0-7d12dab2bf5b.png?alt=media&token=ebd61a04-2f60-44e1-9db5-e4c779829c46,"[1.0, 10.0, 33.0]",6b5e5862-faba-4d82-85d0-7d12dab2bf5b,1.0,PENDENT Holder(Heavy),Pendent Holder,ELECTRICAL ACCESSORIES ,2021-12-20 04:37:34.829000+00:00,10000.0,"[11.0, 20.0, 28.0]",33.0,No Guarantee,"6A 
220Volt ","[21.0, 100.0, 20.3]",Made in India,"[101.0, 1000.0, 19.3]",HOLDER ,15.0,"[0.0, 0.0, 0.0]"
https://firebasestorage.googleapis.com/v0/b/etech-1234.appspot.com/o/ELECTRICAL%20ACCESSORIES%20%2FHOLDER%20%2FANGLE%20HOLDER%2FANGLE%20Holder(Medium)_027a4c72-fbcb-4b3b-91b5-36fd0ee12f93.png?alt=media&token=0909ecb8-0292-424d-bc72-d0e9baa8ade1,"[1.0, 40.0, 34.0]",027a4c72-fbcb-4b3b-91b5-36fd0ee12f93,10.0,ANGLE Holder(Medium),ANGLE HOLDER,ELECTRICAL ACCESSORIES ,2021-12-16 09:08:06.310000+00:00,10000.0,"[41.0, 100.0, 25.0]",34.0,No Guarantee,"6 Amp
240 Volts 
Ac Holder
","[101.0, 200.0, 24.0]",NON BRAND ,"[0.0, 0.0, 0.0]",HOLDER ,15.0,"[0.0, 0.0, 0.0]"
https://firebasestorage.googleapis.com/v0/b/etech-1234.appspot.com/o/MACHINERY%20%20%26%20Tools%2FPOWER%20TOOLS%2FANGLE%20GRINDER%20%2FAngle%20grinder%20_36294f15-0405-48fa-83db-6cf8a364e827.png?alt=media&token=a49d8afb-df2e-490a-9415-dbeead845fd5,"[1.0, 100.0, 2500.0]",36294f15-0405-48fa-83db-6cf8a364e827,1.0,Angle grinder ,ANGLE GRINDER ,MACHINERY  & Tools,2022-01-07 06:23:24.068000+00:00,1000.0,"[0.0, 0.0, 0.0]",2500.0,No Guarantee,"220v/50hz
800W
11000rpm","[0.0, 0.0, 0.0]",Made in China ,"[0.0, 0.0, 0.0]",POWER TOOLS,10.0,"[0.0, 0.0, 0.0]"
https://firebasestorage.googleapis.com/v0/b/etech-1234.appspot.com/o/MACHINERY%20%20%26%20Tools%2FPOWER%20TOOLS%2FANGLE%20GRINDER%20%2FAngle%20Grinder%20Bosch%20_faa52ce7-7618-43ea-96f4-dfd8f7e68f7d.png?alt=media&token=b831a5d9-5015-4f22-9d30-666efe91cf2a,"[1.0, 100.0, 5500.0]",faa52ce7-7618-43ea-96f4-dfd8f7e68f7d,1.0,Angle Grinder Bosch ,ANGLE GRINDER ,MACHINERY  & Tools,2022-01-07 06:28:21.748000+00:00,100.0,"[0.0, 0.0, 0.0]",5500.0,No Guarantee,"220v/50hz
600W
11000rpm","[0.0, 0.0, 0.0]",Made in India,"[0.0, 0.0, 0.0]",POWER TOOLS,15.0,"[0.0, 0.0, 0.0]"
https://firebasestorage.googleapis.com/v0/b/etech-1234.appspot.com/o/MACHINERY%20%20%26%20Tools%2FPOWER%20TOOLS%2FDrill%20Machine%2FIndico%2010mm%20Drill_204b9723-c888-4845-a6a8-8b0ababf0885.png?alt=media&token=67f6063d-f2ca-491a-996a-455682e388f3,"[1.0, 50.0, 3299.0]",204b9723-c888-4845-a6a8-8b0ababf0885,1.0,Indico 10mm Drill,Drill Machine,MACHINERY  & Tools,2022-01-07 11:27:31.069000+00:00,100.0,"[0.0, 0.0, 0.0]",3299.0,No Guarantee,500W,"[0.0, 0.0, 0.0]",Made in China ,"[0.0, 0.0, 0.0]",POWER TOOLS,10.0,"[0.0, 0.0, 0.0]"
https://firebasestorage.googleapis.com/v0/b/etech-1234.appspot.com/o/LIGHT%20ITEMS%20%2FLED%20BULB%2FWega%2F18W%20Led%20Bulb%20B22%2FE27%20_d8201919-b5f5-4987-ad78-e62d6bd68ccf.png?alt=media&token=75c4ddb1-6277-477c-930c-ea3c1647400b,"[1.0, 2.0, 325.0]",d8201919-b5f5-4987-ad78-e62d6bd68ccf,1.0,18W Led Bulb B22/E27 ,Wega,LIGHT ITEMS ,2021-12-20 07:16:17.708000+00:00,1000.0,"[3.0, 5.0, 300.0]",325.0,1 Year,"Light Effect 100Lm
Led chip 2835
Voltag 100-240v
life :-25000
Luminous Flux :-450-500lm","[6.0, 10.0, 290.0]",WEGA,"[11.0, 50.0, 225.0]",LED BULB,25.0,"[0.0, 0.0, 0.0]"
https://firebasestorage.googleapis.com/v0/b/etech-1234.appspot.com/o/ELECTRICAL%20ACCESSORIES%20%2FTWO%20PIN%20TOP%2F2%20PINTOP%2FAPPLE%20TWO%20PIN%20TOP%20_6698c882-58ee-403c-ac25-9932c4205ada.png?alt=media&token=dcfe6926-f1c1-4230-bddc-e8c513cce1b0,"[1.0, 5.0, 25.0]",6698c882-58ee-403c-ac25-9932c4205ada,1.0,APPLE TWO PIN TOP ,2 PINTOP,ELECTRICAL ACCESSORIES ,2021-12-20 08:55:37.233000+00:00,10000.0,"[6.0, 25.0, 22.0]",25.0,No Guarantee,6A 240 VOLT AC,"[25.0, 50.0, 20.0]",NON BRAND ,"[51.0, 1000.0, 18.0]",TWO PIN TOP,10.0,"[0.0, 0.0, 0.0]"
https://firebasestorage.googleapis.com/v0/b/etech-1234.appspot.com/o/MACHINERY%20%20%26%20Tools%2FPOWER%20TOOLS%2FDrill%20Machine%2FTieda0%2013mm%20Drill%20_4c5c0199-f1e2-46c5-ad4a-66a828292671.png?alt=media&token=6f937d6c-d122-4e72-aad8-a60a69e36ddd,"[1.0, 100.0, 3799.0]",4c5c0199-f1e2-46c5-ad4a-66a828292671,1.0,Tieda0 13mm Drill ,Drill Machine,MACHINERY  & Tools,2022-01-07 11:20:55.131000+00:00,100.0,"[0.0, 0.0, 0.0]",3799.0,No Guarantee,"800 Watt
0-2800RPM","[0.0, 0.0, 0.0]",Made in China ,"[0.0, 0.0, 0.0]",POWER TOOLS,15.0,"[0.0, 0.0, 0.0]"
https://firebasestorage.googleapis.com/v0/b/etech-1234.appspot.com/o/METAL%20BOX%20AND%20DISTRIBUTION%20BOX%2FDB%20BOX(Distribution%20Box)%2FHeavy%20Metal%20DB%20box%2F12%20wy%20Db%20box_00186da4-40a3-4e34-a0c2-51c3e8ac518b.png?alt=media&token=5d001bd4-b6cd-4392-a2ec-a90d12582ae4,"[1.0, 10.0, 1075.0]",00186da4-40a3-4e34-a0c2-51c3e8ac518b,1.0,12 wy Db box,Heavy Metal DB box,METAL BOX AND DISTRIBUTION BOX,2022-01-04 10:31:38.244000+00:00,100.0,"[0.0, 0.0, 0.0]",1075.0,No Guarantee,240/440 volt,"[0.0, 0.0, 0.0]",MILLBORN,"[0.0, 0.0, 0.0]",DB BOX(Distribution Box),20.0,"[0.0, 0.0, 0.0]"
https://firebasestorage.googleapis.com/v0/b/etech-1234.appspot.com/o/MACHINERY%20%20%26%20Tools%2FPOWER%20TOOLS%2FMarble%20Cutter%20%2FMARBLE%20CUTTE%20Camron%20Pro_f2987305-e6b6-42e6-9172-4c41bac6940f.png?alt=media&token=b7404b7f-bc04-4249-a78c-f738ce2e6d4a,"[1.0, 100.0, 5999.0]",f2987305-e6b6-42e6-9172-4c41bac6940f,1.0,MARBLE CUTTE Camron Pro,Marble Cutter ,MACHINERY  & Tools,2022-01-07 11:05:41.390000+00:00,100.0,"[0.0, 0.0, 0.0]",5999.0,No Guarantee,"1700 W 
1200 RPM","[0.0, 0.0, 0.0]",Made in China ,"[0.0, 0.0, 0.0]",POWER TOOLS,20.0,"[0.0, 0.0, 0.0]"
https://firebasestorage.googleapis.com/v0/b/etech-1234.appspot.com/o/WIRE%20AND%20CABLE%20%2FWIRE%20AND%20CABLES%20%2FDELA%20AND%20HAVELLS%20CABLE%2F0.75MM%20Mutistrand%20Flexibe%20Wire_ab9c3724-0ea3-477f-af83-13a3453b4387.png?alt=media&token=01619a96-d853-43d2-b8cf-c00d68d67587,"[1.0, 10.0, 1135.0]",ab9c3724-0ea3-477f-af83-13a3453b4387,1.0,0.75MM Mutistrand Flexibe Wire,DELA AND HAVELLS CABLE,WIRE AND CABLE ,2021-12-20 04:52:48.560000+00:00,100.0,"[11.0, 18.0, 1097.0]",1135.0,15 Years,"Delta & Havells Cable 
NS 344 certificated
100% pure cable cable
90 m in each coil GUARANTEED 
","[18.0, 90.0, 1060.0]",DELTA &HEVELLS WIRE,"[0.0, 0.0, 0.0]",WIRE AND CABLES ,5.0,"[0.0, 0.0, 0.0]"
https://firebasestorage.googleapis.com/v0/b/etech-1234.appspot.com/o/WIRE%20AND%20CABLE%20%2FWIRE%20AND%20CABLES%20%2FDELA%20AND%20HAVELLS%20CABLE%2F1.0mm%20Multistrand%20Flexible%20Wire_a1173c25-f231-4464-a809-30bb10f4e29b.png?alt=media&token=bb0f150e-7f35-4b9f-9210-97c0bb71976e,"[1.0, 10.0, 1485.0]",a1173c25-f231-4464-a809-30bb10f4e29b,1.0,1.0mm Multistrand Flexible Wire,DELA AND HAVELLS CABLE,WIRE AND CABLE ,2021-12-20 04:57:55.613000+00:00,180.0,"[11.0, 18.0, 1435.5]",1485.0,15 Years,"Delta & Havells Cable 
NS 344 certificated
100% pure cable cable
90 m in each coil GUARANTEED 
","[19.0, 90.0, 1386.0]",DELTA &HEVELLS WIRE,"[91.0, 180.0, 1361.0]",WIRE AND CABLES ,5.0,"[0.0, 0.0, 0.0]"
https://firebasestorage.googleapis.com/v0/b/etech-1234.appspot.com/o/SWITCH%20AND%20SOCKETS%2FSwift%20gold%2FGANG%20SWITCH%2F2%20Gang%201%20Way%2010%20A%20Switch%20_96b4f05d-e12c-41b7-8d11-3fa1c6dd473b.png?alt=media&token=2077684c-f25d-43ed-95ad-e46cce657c56,"[1.0, 10.0, 110.0]",96b4f05d-e12c-41b7-8d11-3fa1c6dd473b,1.0,2 Gang 1 Way 10 A Switch ,GANG SWITCH,SWITCH AND SOCKETS,2022-01-04 08:45:51.032000+00:00,100.0,"[0.0, 0.0, 0.0]",110.0,No Guarantee,"Colour white
20 Year GUARANTEE
High Efficiency 
Modern  Design 
safety and Accurancy","[0.0, 0.0, 0.0]",Swift gold,"[0.0, 0.0, 0.0]",Swift gold,40.0,"[0.0, 0.0, 0.0]"
https://firebasestorage.googleapis.com/v0/b/etech-1234.appspot.com/o/WIRE%20AND%20CABLE%20%2FWIRE%20AND%20CABLES%20%2FDELA%20AND%20HAVELLS%20CABLE%2F6mm%20Multistrand%20flexible%20Wire%20_fec173f6-c686-433f-b1b0-aea654fd4331.png?alt=media&token=e0440eeb-47e0-46a9-af50-7909360ff990,"[1.0, 10.0, 7946.0]",fec173f6-c686-433f-b1b0-aea654fd4331,1.0,6mm Multistrand flexible Wire ,DELA AND HAVELLS CABLE,WIRE AND CABLE ,2021-12-20 05:20:10.345000+00:00,60.0,"[11.0, 12.0, 7646.0]",7946.0,15 Years,"Delta & Havells Cable 
NS 344 certificated
100% pure cable cable
90 m in each coil GUARANTEED 
","[13.0, 14.0, 7646.0]",DELTA &HEVELLS WIRE,"[15.0, 16.0, 7646.0]",WIRE AND CABLES ,5.0,"[17.0, 18.0, 7646.0]"
https://firebasestorage.googleapis.com/v0/b/etech-1234.appspot.com/o/ELECTRICAL%20ACCESSORIES%20%2FHOLDER%20%2FPendent%20Holder%2FPENDENT%20Holder(MEDIUM)_41d28710-3f76-42d9-8534-03a6833ad5f4.png?alt=media&token=ec439dec-7b38-4b86-a4a4-1694089fcee5,"[1.0, 10.0, 25.0]",41d28710-3f76-42d9-8534-03a6833ad5f4,1.0,PENDENT Holder(MEDIUM),Pendent Holder,ELECTRICAL ACCESSORIES ,2021-12-20 04:31:55.992000+00:00,10000.0,"[1.0, 20.0, 22.0]",25.0,No Guarantee,"6A 
220 volt holder","[20.0, 100.0, 15.3]",Made in India,"[101.0, 1000.0, 14.5]",HOLDER ,15.0,"[0.0, 0.0, 0.0]"
https://firebasestorage.googleapis.com/v0/b/etech-1234.appspot.com/o/ELECTRICAL%20ACCESSORIES%20%2FTWO%20PIN%20TOP%2F2%20PINTOP%2FApple%202%20pin%20top_1b331c0c-695b-47d4-82c7-869e5a7eb768.png?alt=media&token=d91c6536-6a84-4d3f-9e12-a0a975e3cc7f,"[1.0, 10.0, 28.0]",1b331c0c-695b-47d4-82c7-869e5a7eb768,1.0,Apple 2 pin top,2 PINTOP,ELECTRICAL ACCESSORIES ,2021-12-20 08:57:59.148000+00:00,10000.0,"[11.0, 50.0, 25.0]",28.0,No Guarantee,10A 240 volt,"[51.0, 100.0, 22.0]",NON BRAND ,"[100.0, 1000.0, 20.0]",TWO PIN TOP,25.0,"[0.0, 0.0, 0.0]"
https://firebasestorage.googleapis.com/v0/b/etech-1234.appspot.com/o/METAL%20BOX%20AND%20DISTRIBUTION%20BOX%2FDB%20BOX(Distribution%20Box)%2FHeavy%20Metal%20DB%20box%2F4%20way%20Db%20Box%20_f6971b54-025b-4385-a03a-ce5ad29115a2.png?alt=media&token=f5c4b0ca-1ef3-4814-9be1-9a0756f2e02c,"[1.0, 10.0, 680.0]",f6971b54-025b-4385-a03a-ce5ad29115a2,1.0,4 way Db Box ,Heavy Metal DB box,METAL BOX AND DISTRIBUTION BOX,2022-01-04 10:13:21.523000+00:00,100.0,"[0.0, 0.0, 0.0]",680.0,No Guarantee,"240/415 volt
","[0.0, 0.0, 0.0]",MILLBORN,"[0.0, 0.0, 0.0]",DB BOX(Distribution Box),20.0,"[0.0, 0.0, 0.0]"
https://firebasestorage.googleapis.com/v0/b/etech-1234.appspot.com/o/MACHINERY%20%20%26%20Tools%2FPOWER%20TOOLS%2FANGLE%20GRINDER%20%2FAngle%20Grinder%20Gautam%20shree%20Gold_4450e0fe-3c64-4463-a5ed-176d75b6b34a.png?alt=media&token=06467783-bd7e-4f91-9c57-43ca0e6c4cdb,"[1.0, 100.0, 3499.0]",4450e0fe-3c64-4463-a5ed-176d75b6b34a,1.0,Angle Grinder Gautam shree Gold,ANGLE GRINDER ,MACHINERY  & Tools,2022-01-07 06:41:10.354000+00:00,100.0,"[0.0, 0.0, 0.0]",3499.0,No Guarantee,"220v/50hz
850W
11000rpm","[0.0, 0.0, 0.0]",Made in China ,"[0.0, 0.0, 0.0]",POWER TOOLS,20.0,"[0.0, 0.0, 0.0]"
https://firebasestorage.googleapis.com/v0/b/etech-1234.appspot.com/o/LIGHT%20ITEMS%20%2FLED%20BULB%2FWega%2F7W%20Led%20Bulb%20B22%2FE27%20_e3fe0f2e-3ebd-4034-bec1-af5d3638a257.png?alt=media&token=ee8a495e-d255-4edc-b6b2-7f70c262a58c,"[1.0, 5.0, 150.0]",e3fe0f2e-3ebd-4034-bec1-af5d3638a257,1.0,7W Led Bulb B22/E27 ,Wega,LIGHT ITEMS ,2021-12-20 07:10:05.029000+00:00,1000.0,"[6.0, 10.0, 120.0]",150.0,1 Year,"Light Effect 100Lm
Led chip 2835
Voltag 100-240v
life :-25000
Luminous Flux :-450-500lm","[11.0, 50.0, 115.0]",WEGA,"[51.0, 100.0, 110.0]",LED BULB,25.0,"[0.0, 0.0, 0.0]"
https://firebasestorage.googleapis.com/v0/b/etech-1234.appspot.com/o/LIGHT%20ITEMS%20%2FLED%20BULB%2FWega%2F15W%20Led%20Bulb%20B22%2FE27%20_aaf54610-c7d2-4978-b4e2-0aaf83f3bdb9.png?alt=media&token=1c8a391f-b901-4b02-bb7b-d228a23d7313,"[1.0, 2.0, 275.0]",aaf54610-c7d2-4978-b4e2-0aaf83f3bdb9,1.0,15W Led Bulb B22/E27 ,Wega,LIGHT ITEMS ,2021-12-20 07:14:44.888000+00:00,1000.0,"[3.0, 5.0, 260.0]",275.0,1 Year,"Light Effect 100Lm
Led chip 2835
Voltag 100-240v
life :-25000
Luminous Flux :-450-500lm","[6.0, 10.0, 250.0]",WEGA,"[11.0, 50.0, 175.0]",LED BULB,25.0,"[0.0, 0.0, 0.0]"
https://firebasestorage.googleapis.com/v0/b/etech-1234.appspot.com/o/MACHINERY%20%20%26%20Tools%2FPOWER%20TOOLS%2FANGLE%20GRINDER%20%2FAngle%20Grinder%20Totol%20_e08e5e3d-857b-4301-9d1c-9fea496f6492.png?alt=media&token=bf3f2d93-5753-45f4-9706-2f9bf83df097,"[1.0, 100.0, 3199.0]",e08e5e3d-857b-4301-9d1c-9fea496f6492,1.0,Angle Grinder Totol ,ANGLE GRINDER ,MACHINERY  & Tools,2022-01-07 06:36:42.887000+00:00,100.0,"[0.0, 0.0, 0.0]",3199.0,No Guarantee,"220v/50hz
850W
11000rpm","[0.0, 0.0, 0.0]",Made in China ,"[0.0, 0.0, 0.0]",POWER TOOLS,20.0,"[0.0, 0.0, 0.0]"
https://firebasestorage.googleapis.com/v0/b/etech-1234.appspot.com/o/LIGHT%20ITEMS%20%2FLED%20BULB%2FSIGNATURE%20LED%20BULB%2F5%20W%20le%20bulb%20B22%2FE27%20_de9bac9a-f59b-4f23-9130-4c24eb5ba2da.png?alt=media&token=343ee210-c5c9-4e07-ab14-ef3c2c696646,"[1.0, 5.0, 150.0]",de9bac9a-f59b-4f23-9130-4c24eb5ba2da,1.0,5 W le bulb B22/E27 ,SIGNATURE LED BULB,LIGHT ITEMS ,2021-12-20 07:52:56.285000+00:00,1000.0,"[6.0, 10.0, 140.0]",150.0,2 Years,"Light Effect 100Lm
Led chip 2835
Voltag 85-265v
life :-50000
Luminous Flux :-450-500lm","[11.0, 20.0, 125.0]",SIGNATURE PREMIUM LED LIGHT,"[21.0, 50.0, 100.0]",LED BULB,25.0,"[51.0, 100.0, 78.0]"
https://firebasestorage.googleapis.com/v0/b/etech-1234.appspot.com/o/LIGHT%20ITEMS%20%2FLED%20BULB%2FSIGNATURE%20LED%20BULB%2F9W%20led%20Bulb%20B22%2FE27%20_be6d05fa-ba17-4756-ab6f-b04d4bf6b978.png?alt=media&token=b738bffe-19e8-46ca-8de1-07aff31dd9ed,"[1.0, 5.0, 275.0]",be6d05fa-ba17-4756-ab6f-b04d4bf6b978,1.0,9W led Bulb B22/E27 ,SIGNATURE LED BULB,LIGHT ITEMS ,2021-12-20 07:58:07.586000+00:00,1000.0,"[6.0, 10.0, 250.0]",275.0,2 Years,"Light Effect 100Lm
Led chip 2835
Voltag 85-265v
life :-50000
Luminous Flux :-450-500lm","[11.0, 50.0, 200.0]",SIGNATURE PREMIUM LED LIGHT,"[51.0, 100.0, 114.0]",LED BULB,25.0,"[0.0, 0.0, 0.0]"
https://firebasestorage.googleapis.com/v0/b/etech-1234.appspot.com/o/SWITCH%20AND%20SOCKETS%2FSwift%20gold%2FGANG%20SWITCH%2F4%20Gang%20%2B13%20A%20MF%20Socket%20With%20Indicator%20_f9e2d9f8-14d1-4b1d-890c-b95277d0004e.png?alt=media&token=80dd7ea7-e5e0-4e6c-8a3a-86b4743b02a4,"[1.0, 10.0, 365.0]",f9e2d9f8-14d1-4b1d-890c-b95277d0004e,1.0,4 Gang +13 A MF Socket With Indicator ,GANG SWITCH,SWITCH AND SOCKETS,2022-01-04 08:58:20.858000+00:00,100.0,"[0.0, 0.0, 0.0]",365.0,No Guarantee,"Colour white
20 Year GUARANTEE
High Efficiency 
Modern  Design 
safety and Accurancy","[0.0, 0.0, 0.0]",Swift gold,"[0.0, 0.0, 0.0]",Swift gold,30.0,"[0.0, 0.0, 0.0]"
https://firebasestorage.googleapis.com/v0/b/etech-1234.appspot.com/o/MACHINERY%20%20%26%20Tools%2FPOWER%20TOOLS%2FDrill%20Machine%2FPrescott%2010mm%20drill_5425560a-6f11-489c-b7e3-f6bccebfc1cd.png?alt=media&token=9fc8decd-51e0-463f-9743-cf7977017c33,"[1.0, 100.0, 3299.0]",5425560a-6f11-489c-b7e3-f6bccebfc1cd,1.0,Prescott 10mm drill,Drill Machine,MACHINERY  & Tools,2022-01-07 11:41:06.659000+00:00,100.0,"[0.0, 0.0, 0.0]",3299.0,No Guarantee,"550W
0-3100Rpm","[0.0, 0.0, 0.0]",Made in China ,"[0.0, 0.0, 0.0]",POWER TOOLS,10.0,"[0.0, 0.0, 0.0]"
https://firebasestorage.googleapis.com/v0/b/etech-1234.appspot.com/o/LIGHT%20ITEMS%20%2FLED%20BULB%2FWega%2F3%20W%20LED%20BULB%20B22%2FE27_72a24826-0740-4965-908f-95aaa2791896.png?alt=media&token=c74a7ac0-493f-4894-9c69-a34dcbe08ef4,"[1.0, 5.0, 75.0]",72a24826-0740-4965-908f-95aaa2791896,1.0,3 W LED BULB B22/E27,Wega,LIGHT ITEMS ,2021-12-20 06:54:09.504000+00:00,1000.0,"[6.0, 10.0, 70.0]",75.0,1 Year,"Light Effect 100Lm
Led chip 2835
Voltag 100-240v
life :-25000
Luminous Flux :-450-500lm","[11.0, 100.0, 67.5]",WEGA,"[0.0, 0.0, 0.0]",LED BULB,25.0,"[0.0, 0.0, 0.0]"
